{
    "rmse": 0.6777261124174031,
    "mae": 0.5414028522042758,
    "r2": 0.27450215850196413
}